<?xml version="1.0" encoding="UTF-8"?>
<!DOCTYPE mapper PUBLIC "-//mybatis.org//DTD Mapper 3.0//EN"
"HTTP://mybatis.org/dtd/mybatis-3-mapper.dtd">

<mapper namespace="board">
	
	<!-- 글 목록 조회 -->
	<select id="list" parameterType="bDTO" resultType="bDTO">
		SELECT RNO, RTITLE, RCONTENT, RDATE, RCNT
		FROM BOARD1
		ORDER BY RNO DESC
		<!--  SELECT * 
		FROM	
			(SELECT ROWNUM RNUM, RNO, RTITLE, RCONTENT, RDATE, RCNT
			 FROM
				(SELECT * FROM BOARD1)
			 ORDER BY RNUM DESC)
		WHERE RNUM BETWEEN #{startPage} AND #{endPage}
		-->
	</select>
	
	<!-- 글 개수 조회 -->
	<select id="count" resultType="int">
		SELECT 	COUNT(*)
		FROM	BOARD1
	</select>
	
	<!-- 글 상세보기 -->
	<select id="detail" parameterType="int" resultType="bDTO">
		SELECT *
		FROM	BOARD1
		WHERE	RNO = #{rNo}
	</select>
	
	<!-- 글 작성 -->
	<insert id="write" parameterType="bDTO">
		INSERT INTO BOARD1 
		VALUES(
		(SELECT NVL(MAX(RNO),0)+1 FROM BOARD1), 
		#{rTitle}, #{rContent}, SYSDATE, 0)
	</insert>
	
	<!-- 글 수정 -->
	<update id="update" parameterType="bDTO">
		UPDATE 	BOARD1
		SET		RTITLE = #{rTitle},
				RCONTENT = #{rContent}
		WHERE	RNO = #{rNo}
	</update>
	
	<!-- 글 삭제 -->
	<delete id="delete" parameterType="int">
		DELETE	BOARD1
		WHERE	RNO = #{rNo}
	</delete>


</mapper>