<?xml version="1.0" encoding="UTF-8"?>
<beans xmlns="http://www.springframework.org/schema/beans"
	xmlns:xsi="http://www.w3.org/2001/XMLSchema-instance"
	xmlns:context="http://www.springframework.org/schema/context"
	xmlns:mvc="http://www.springframework.org/schema/mvc"
	xsi:schemaLocation="http://www.springframework.org/schema/mvc http://www.springframework.org/schema/mvc/spring-mvc-4.3.xsd
		http://www.springframework.org/schema/beans https://www.springframework.org/schema/beans/spring-beans.xsd
		http://www.springframework.org/schema/context http://www.springframework.org/schema/context/spring-context-4.3.xsd">
	
	<!-- Root Context: defines shared resources visible to all other web components -->

	<!-- 자동주입을 위한 선언 -->
	<context:annotation-config/>

	<!--	컨넥션 풀 설정을 위한 작업 부분	-->
	<bean id="dataSource" class="org.springframework.jdbc.datasource.DriverManagerDataSource">
		<property name="driverClassName" value="oracle.jdbc.driver.OracleDriver"/>
		<property name="url" value="jdbc:oracle:thin:@localhost:1521/orcl"/>
		<property name="username" value="big00"/>
		<property name="password" value="big00"/>
	</bean> 

	<!-- myBatis 등록 부분 -->
	<bean id="sqlSessionFactory" class="org.mybatis.spring.SqlSessionFactoryBean">
	
	<!-- myBatis를 위한 환경 설정 파일을 어디에 무슨이름으로 만들어 놓을지를 지정하는 부분-->
   	<property name="configLocation" >
		<value>classpath:/com/FourHour/MyBatis/myBatis-config.xml</value>
   	</property>

	<!-- (중요부분) myBatis와 연결하는 데이터베이스(컨넥션 풀)을 지정하는 부분-->
	<!-- property의 name,ref는 위의 커넥션 풀 설정을 위한 작업 부분의 bean id를 가지고 쓴다. -->
   	<property name="dataSource" ref="dataSource" />
	</bean>
	
	<!-- DAO에서 Statement를 이용하여 쿼리 실행 및 결과를 받기 위해 필요한
	  SqlSessionTemplate 클래스의 객체생성하는부분 
	  new SqlSessionTemplate(SqlSessionFactoryBean 변수명)
	실제 생성자
	public SqlSessionTemplate(SqlSessionFactory sqlSessionFactory)	
	  -->
	<bean id="sqlSession" class="org.mybatis.spring.SqlSessionTemplate">
		<constructor-arg index="0" ref="sqlSessionFactory" />
	</bean>
	
	<!-- DI 처리 -->
	<bean id ="bService" class = "com.FourHour.service.BoardService"/>
	
	<bean id="bDAO" class = "com.FourHour.dao.BoardDAO">
		<property name ="sqlSessionTemplate" ref = "sqlSession"/> 
	</bean>
</beans>
