<?xml version="1.0" encoding="UTF-8"?>
<!DOCTYPE configuration PUBLIC "-//mybatis.org//DTD Config 3.0//EN" 
"HTTP://mybatis.org/dtd/mybatis-3-config.dtd">

<configuration>
	<!-- 이 부분에서 myBatis에 관련된 환경설정을 한다 -->
	<!-- 기본 동작에 대한 환경 설정을 한다. -->
	<settings>
		<!-- 캐쉬 메모리 사용여부 -->
		<setting name="cacheEnabled" value="false" />
		<!-- 일반화 키 사용여부 -->
		<setting name="useGeneratedKeys" value="true" />
		<!-- 기본 질의 실행 방식 -->
		<setting name="defaultExecutorType" value="REUSE" />		
	</settings>
	
	<!-- 타입 Alias(별칭) 주기 -->
	<typeAliases>
		<typeAlias type="com.FourHour.dto.BoardDTO" alias="bDTO"/>
	</typeAliases>	
	
	<mappers>
		<!-- mappers의 자식요소로서 mapper 등록 -->
		<mapper resource="/com/FourHour/sql/BoardSQL.xml"/>
	</mappers>
</configuration>